Property_id,rent
4394,468.06373733776525
2338,703.2948765456213
8531,642.5638205236485
8952,371.7420715700687
11064,259.734728379909
10336,664.2751268226674
12954,889.9533004476114
219,385.15365643567526
1599,510.01303810894314
7572,361.1329561912234
170,757.0553521616242
6658,357.3329101018769
3616,329.9103682659626
7772,346.1877406593588
1214,656.2716067519707
8197,394.92376281135864
9892,269.7063698812733
1635,1008.5362020305106
7403,1144.5984428807178
4468,307.96034985405703
13081,567.0016257780094
13917,271.3166791919289
4049,1472.3905298441755
2145,330.83253181434327
2125,736.2663941923743
1580,529.8513639786551
3828,772.3806407419261
10858,468.05016977530954
2999,673.090509759692
3834,769.9233649282614
11267,496.52704968150147
11904,600.4288048177895
5514,714.6250600861266
8697,213.3374473742008
3466,470.14385331215567
8217,913.6074316253162
4230,334.0092428619545
10598,256.9340822977532
2920,514.8757029818946
328,468.02867498702943
10668,916.1568248756882
2911,328.42653825813136
5039,530.6925474623623
7590,387.18834368108446
5757,368.8952210237713
9697,512.6037698605655
3859,1153.9856543020326
11365,745.0796562327222
1984,399.5696564465907
6033,539.192629043496
10816,193.96074026660042
11981,668.8755319226772
7883,422.6372898810559
6166,433.88612465368203
7769,419.43822941173875
8087,330.4440206527295
5504,414.1967801867368
11853,398.56363962341936
7768,266.7921319127458
9232,326.6379060827768
9695,633.2083198997672
7477,822.2563474485639
12232,912.8608479087677
6795,455.1975053173837
5624,369.82590165358
3600,552.4087422512594
11199,426.55948994044803
3681,699.6129792207
169,667.6505604660156
9531,601.1234946554732
1329,1084.9859697254751
2237,173.3204973477555
1079,574.9709055599714
8500,1060.4757041111789
456,580.4459358028347
8010,1055.319315618897
9407,290.68444933021834
9538,314.1037852475397
3015,296.99069669938814
2583,410.4407542903892
10125,386.4198833243786
11959,454.75086697418743
4878,830.510538370678
10070,410.07364480164256
7151,176.49485184371954
736,413.26110018927795
12765,829.884568515238
3480,159.01566356729427
1800,779.7316579586283
3602,495.7130646849283
8279,894.4656689262133
12788,401.9927129715983
3572,469.1847237698326
2925,282.06369317148784
2620,798.7033080472493
1924,647.7204876626286
12650,448.171159295497
11699,671.990323462225
4297,414.90352767666343
12435,403.7134952271999
4092,384.91939364514116
400,223.01997056455454
4801,433.20969636565763
11378,466.8457334615846
8328,1194.938615509877
7808,296.1562848302116
13578,387.33788147455283
13020,232.6376327816642
6346,714.7016567036402
3014,359.5751556879188
8117,280.6860123303142
7525,338.68564262885434
13577,203.20458802985294
11472,283.4604108566583
9461,427.1781136609097
11815,328.9564699572898
3345,695.7114256654146
12663,1412.2418643096428
13302,679.1085173443475
291,335.87432845325276
8240,1011.6086025365066
13184,426.45609159868025
7310,299.6135855162375
2819,270.25995178938956
3406,384.78214430147966
3543,385.263819324114
8359,404.3516280884007
1689,564.4975893416486
11850,333.7729421472245
11018,587.7459529108484
6426,279.7906188696137
8280,596.1065488767033
7568,318.1777421595867
8539,854.3973071905654
3032,388.8710471399048
3596,304.88040267380336
7597,1183.2823265788895
5730,296.0351013626354
13214,179.38199002355185
609,395.4973096131313
7751,1255.4857503656294
12177,467.5668833752201
9623,390.412607563343
13033,241.16724955916342
13331,341.02836994573113
6196,965.9814547194375
5480,1010.9790741683393
1845,323.86076878651403
2770,604.329030641929
8251,432.87774376971146
10862,412.520993074442
1744,661.8371972899504
9367,1015.868552084348
6089,1126.9289044261898
3618,345.4377127555815
10180,296.96685834577573
11445,506.8952381188231
13836,222.5376665396217
4100,856.3204842072402
8744,513.8188746128267
2068,428.24993081226
13015,591.4985759616281
13960,240.03125078599285
13336,367.67414953849175
8456,853.7171206583089
1966,623.4643266857233
10748,320.4217633697285
11370,305.7995160731357
9658,1102.3605872837047
8694,314.6645526845024
12832,809.2369668147217
10698,1239.0361053603083
13473,646.2861166101951
2994,517.7781984182533
4169,354.378987014618
10428,144.55748027573281
7920,405.8693831744464
12383,342.197823899148
5072,560.7274494938436
10872,537.7908604668152
4463,476.31595593441216
5652,451.4308175649869
12837,470.20012999120956
12713,784.3187599436524
10292,251.060194728979
11431,396.57620597759467
1963,392.236649940095
1770,266.741801987334
11403,730.9321141539496
3996,414.25983940116095
7925,570.7638125620264
10045,1007.7514074289095
1958,434.6494180525661
4818,363.94341363646316
11355,264.4935509315745
6076,786.6429116787167
8075,820.584480934144
8871,1250.7303151280735
4266,276.4674146618023
13205,915.9145888554408
12256,304.36836885652383
3647,1030.875424424366
11286,586.7990974481902
7454,329.29901273521017
10121,523.8399762512427
12063,640.7143196116463
8939,423.97630724137
8643,311.55225981437553
733,383.7999986710127
796,422.56966696446557
1594,646.9474581049928
7429,744.5198974187823
9090,257.07612455253656
11220,291.81972254854566
5835,563.8602171426083
10035,640.2189233044165
411,222.50954910492695
2120,488.38691459350036
10640,677.9547283475434
6097,994.2307855685435
1922,451.19969252237547
2141,498.4220834477298
3856,685.8791184974707
9726,279.69128055068563
12157,428.75352430424607
8927,509.0238567700565
1490,669.6531192991049
9026,353.62072009718213
11508,500.5777091102818
7766,426.11305645056734
6866,499.48443439041074
8487,512.9346541045342
5251,961.7882700704691
3692,1008.2875797303768
6552,530.7461964238622
904,656.2693565500662
12219,268.62540483356184
488,359.9707285484598
4163,478.8553849675441
14011,429.25799208511836
12246,296.4979111489601
8911,709.6737541602315
903,277.3686062673029
2013,990.6515532228302
4191,280.15530822841487
4862,344.58169101701395
5229,428.9715118104556
6105,356.8365252453561
10445,803.703594792368
15,553.9500659816142
3593,1038.2436356353649
7029,278.8678918098112
13066,980.5239401229638
10751,513.864925452654
10466,487.59735436293766
7074,748.9757033149167
10672,272.98049668509685
9108,267.67977792488625
7915,504.40044521189265
13147,329.9941166864039
3223,530.3463273800434
13807,589.2039619650043
12173,287.70398290039145
6585,463.1408864619256
1517,1123.0865181720112
4521,379.3525917403435
3208,424.5845175836386
2457,349.37883157629585
1359,1376.236116061564
7439,924.5425307043155
8792,373.5193899703483
7229,633.16708106245
12797,764.2387778901426
6456,1085.5831592099614
8077,158.5646774772135
2035,244.48365825375095
9523,573.1320121653966
1347,351.6159770336604
287,436.0521230576961
9591,986.1682422560723
3523,721.6809770449998
3209,546.6531373639523
8424,652.3874545885449
8463,189.14411863394992
3479,673.9266911455463
1108,769.1887646086687
3705,366.83527023453865
2361,650.0482280852748
4994,1142.623597345025
10307,305.15417416564276
2311,532.1085463837389
10194,297.7759094794815
7692,675.7584505077647
5764,416.97647444506424
1748,622.2801156470889
2632,399.02252801893724
7110,447.07192964619117
9882,494.2990290819688
2693,902.0511124639826
5640,268.0672931996109
13432,241.2934141142405
10257,352.4498215609674
10033,336.8288069621757
1581,570.6619569761062
9024,337.3102842032736
1663,640.6187385910497
9764,1049.784090109021
7641,1220.8507627024774
8622,912.8106957310193
4906,306.37053835255495
354,846.8256855146981
6303,1395.0282505862679
5999,1076.3005756424648
10158,302.88158773315206
2958,505.4490250936566
3653,644.7141540816683
1796,308.53235953123635
12426,379.89275526235537
1607,550.618246572408
2715,523.0522638751986
10401,349.077504485785
2590,377.26827805731943
3380,350.12335440963
9192,343.51431911881787
1990,172.31420319464522
11233,295.86730529624526
13631,654.6909568873891
8566,800.3402066449632
14058,667.4187954664999
12277,781.304986672886
2110,349.88239290487354
4166,470.19701997945697
6553,456.151769946795
4190,370.76433277185146
10711,440.7641767414378
1419,379.3393577078361
174,479.87594171664693
7609,354.2744721444618
1784,756.7322095037792
9775,1181.3494673339835
7475,192.42276724718002
3679,699.294293836924
7638,455.56377574888796
6576,1256.5859702273149
4510,510.79346270293377
10141,719.9781397350415
10236,483.563651480045
100,581.1307011665828
7489,482.3693277358323
1698,460.963068068177
6957,230.85606393532092
3777,621.986796828711
6974,373.177287780229
12804,391.6436825228778
1723,1082.8667818506847
4503,427.83864550287063
8305,482.66468205437945
837,696.9720071444572
12656,324.4846987594695
8028,394.7964084288216
10547,286.4494199745108
6715,626.3151350166073
4046,1168.2923324775245
1062,306.12647053642536
7628,558.0420235312241
7497,1103.6403849752635
13167,660.301316593145
5728,329.94528527518935
8743,945.1547196116862
11170,1005.6030191180897
7502,490.62076729395574
11062,814.4142745336574
5207,610.0277166189013
9839,250.78348286971251
10889,318.8959650071977
3419,989.7102869799365
795,319.5606087671181
1535,337.48334578266054
1040,594.9703991838722
5002,569.8162670941881
10696,464.96261477618725
11125,748.1074249226518
8421,890.4155117396613
1618,550.7905369854035
6400,366.7104144530894
8483,456.8076408987674
9163,911.2349851240275
5036,756.1022944240768
8673,369.79320194153917
9229,289.77076097734863
5445,156.38089757325082
6910,1038.3742147572534
281,1108.5262554634025
1115,304.5570528037519
773,293.6338416571709
709,458.2622611397734
13288,892.4991434960147
10826,225.91711135355146
7317,879.9812431973302
12448,351.27248506593145
9162,454.63754562164365
11877,242.83482812763594
3704,300.09868888390605
10435,384.4785012313025
2875,389.7833658057712
5427,426.2467488924029
7823,327.0759830133468
7158,511.7299693573367
3446,371.6701056413715
12483,412.3927116183298
12967,687.6811866022392
978,405.7607613959489
4401,265.4409523898338
32,899.9174984704108
5340,327.55825259799406
1576,400.26757702281657
340,426.26814789491334
8779,452.61279735016905
11735,375.41498854412595
4368,285.49316065720393
6747,1333.6678855009995
2086,246.91620958011126
11243,343.7787101422635
7554,1277.8804178309592
6299,445.8613604550381
2496,1105.8944787107437
3956,547.551211154338
3939,307.19732629322414
11014,193.48491065893407
9631,338.4401262893698
3515,302.2305788891508
3342,593.6046789615565
469,1463.840722048154
12488,193.996027571057
4465,1176.8970065748217
11219,512.7273577067622
4342,424.684632661271
7982,477.3359608909479
6302,512.8623871998144
2975,415.0264437237041
103,952.1786379670866
2202,240.01249821903556
3781,405.4392727330808
6462,923.0439535492426
2460,446.06353077767045
5217,305.89012117655056
3920,583.9219454647772
5372,259.0892703209128
8288,368.39471068148515
11709,408.47735089803354
2440,196.86804274541458
9103,773.6078516679758
8467,896.414186204818
10494,235.5115231628208
6070,271.3056268831717
8766,488.6811615320168
5748,838.2675397382051
9244,390.36205949891803
8630,331.3557372410272
14047,421.7123082378934
8508,704.4932111165793
7259,760.5939275107511
12605,390.89406232648554
9945,675.7804968838568
9380,806.2701096239476
6202,1315.5701114646058
3786,668.0033164502528
5660,394.9339891355417
9465,536.029664344127
12190,361.92086339071363
3026,810.50758514548
5913,870.693967190933
10260,1104.1316165105056
4639,520.7208054010406
9728,434.26877659432097
5141,853.8067606183073
11319,449.9873199472059
8551,1239.5027018579897
5080,517.3208715146881
625,462.1199594333951
7137,476.0615706022634
5923,593.3965447681413
7255,262.62494262759174
12729,241.0338486710327
11108,1134.370317081987
9460,459.1247875721668
10535,386.96290009348377
6373,375.413764959842
11851,441.1244178314504
10586,913.4286656592905
6344,392.4355878819078
10145,1263.943381582603
1769,282.7203092489299
6903,750.0561621998701
361,1325.2076128093822
4605,477.41206250270056
13937,287.00111653513363
10086,291.5150251487794
182,185.18559257089515
3025,355.339529518247
8560,805.258132066743
748,613.9863200103025
2535,331.7593865217609
7969,1097.9309621299776
4964,547.7736858259078
3822,706.7702191568088
4044,812.0588429319586
4353,1116.1806136456757
3951,482.8630964295423
4065,620.0708355453075
12610,382.73938236945594
1890,239.90979832908747
4402,338.41491060356947
12208,799.9208252265636
2929,461.0275462528147
1112,367.1572881726615
6490,766.4126785784061
5847,464.02221247501666
6193,346.55282727218326
1563,495.29662207694696
7145,1116.5713510987991
12933,425.5916604778748
11962,787.2529336601925
11555,276.3968495259253
12285,526.5103360755553
11515,483.3638682549958
10702,1156.4070826754062
285,388.08044315467816
11725,1047.5106373421736
13061,544.7777634927561
11201,407.6047506303599
2502,277.8627921593215
12251,413.06260209381026
1262,282.1170811152724
6235,1237.2274464248285
10058,429.96380816240946
9774,1296.4816102010454
7059,815.1745480929098
5965,346.0509127281411
10779,998.8268323451068
3300,548.3247995177379
1715,518.9116183861983
4751,314.050168366315
9417,975.5779182439765
13150,452.0143537162953
10079,1179.506817708155
5174,284.38214877852977
12856,678.1286652697486
10664,941.432410398631
8109,275.22310176805337
11056,767.9638971322154
11180,239.7988010218256
3144,285.14172390328474
5921,338.9941923580106
7277,296.66961782577266
8247,594.0730338480404
11942,376.68148250320746
12160,334.35015969739743
3001,410.598111930379
10018,289.7741695971678
9820,379.94172988270196
13525,399.4021224871664
2118,450.1016522090539
2484,275.43200563684127
2910,782.3398485369771
5033,868.7956007438635
9258,346.23659404654444
11002,573.4973779299963
1494,375.4488964658632
2326,232.53695529746912
7865,574.5618915052064
2082,421.33655980922344
12487,649.1943562770199
3892,1400.9611862568247
7513,379.98183615162736
7384,472.5125145873545
9397,678.6608830830337
12295,345.2445609278777
7860,699.1039871612503
7713,324.01927528315156
1531,342.42594224711183
13319,209.65037108243536
9640,1133.3592157636722
4314,331.0923765565812
9582,522.1774975088284
10192,928.8835840499182
7646,270.23402195506867
10080,726.4356481500406
4694,295.55610084691574
2184,349.55182087530494
14020,812.0696720908522
8375,444.82676713271786
8654,259.5575193193599
7964,517.5678996759477
6148,808.5380917185622
9702,1053.0328190215828
451,566.6905926634138
2936,485.08908683074657
12767,585.3288489924977
13158,405.8853535566794
9962,372.73441887230035
2520,278.9636357858592
13813,180.1932960018295
8746,1073.1624313353866
5063,841.7350829705412
8118,391.9687643003708
1741,738.4320474482421
7031,192.93409940870373
2302,826.4833724195747
10666,431.66242506932514
2537,354.38746063525787
1612,1024.108628549955
9602,292.550864804125
7904,459.1279950524843
11648,572.3316658609598
5264,721.4634047743624
3942,1053.2347010332587
1476,1091.122612801335
2453,232.67330018159316
178,450.98928088486474
11497,321.1673101988337
13095,966.0742501033811
13750,440.4870744317235
12754,1150.7876674025426
458,381.73340718365955
1011,453.44330890558774
6153,519.3343790382831
2479,694.5991914505818
3888,662.1886850685294
12833,187.86288335877873
64,667.6505604660156
3283,297.78869736610415
971,1007.453405505631
6378,474.81948078920385
9037,779.2002639800907
9097,1022.7941854189564
13703,295.44532360430804
1248,683.3441699308896
6862,900.6875709703353
8181,386.04125519682424
7230,1148.3688608142727
11184,486.14792243481355
2026,344.5497384670527
380,1174.2380209276332
3317,302.01246287050157
8389,278.29976175423303
7799,372.7928782795325
10475,347.9064818787322
8238,1023.8252546290996
4202,958.8506159131216
1023,403.97841649926613
8656,289.76966859742095
7307,367.5239301410507
1721,433.818011146433
6555,771.8143180675467
11789,380.34355527639883
5124,610.0308590389308
6843,681.8079435959799
7718,697.2420084434282
6419,1184.2278533184904
3571,357.175594335364
10203,443.9786981570202
11287,425.3115673302804
12398,458.5965256300957
11865,290.36463741812776
9028,1222.902334917516
9,1206.9057067903611
8728,204.46315494152716
5900,1307.0484775353752
4192,567.927353134831
5007,198.40328343487363
10369,281.49972612047765
4983,843.0854417852216
7055,384.5929457207114
9312,289.8938979526412
6441,446.57779531331755
9533,276.46736707302694
11915,557.2449282015441
8184,262.4825960954703
7637,629.3059978074202
5863,855.1153514811565
6626,737.1040729579527
9705,371.26642256630674
8795,390.40502361795444
1767,302.7409816265205
10359,905.3703899076074
7959,331.21728557431777
2821,226.77509020984917
2343,293.7328031124456
8558,531.3502663072348
10373,289.67684530945695
3644,485.92488057935594
7629,299.952227543429
3185,496.2495155683927
3680,443.16070125119086
2747,185.1505637076998
4348,346.88854190269194
8409,1150.4197387703146
7232,1239.0985177507287
737,442.4148093822948
11312,497.7125025444374
7678,562.8532696349533
8731,293.1117586210684
3990,1087.1172975749814
11059,848.8743548914329
3352,773.1273784265311
2313,563.9926684143662
3852,871.412782279984
4960,719.8647451531385
9673,161.66886429220125
1054,881.1526753033352
8170,414.36686772148676
10370,290.6751860384609
3070,1208.0725443100139
7301,455.56971097052207
8869,677.9547283475434
4430,550.2445842744287
3659,340.42674620286647
9021,255.46300481738132
9683,349.58043544169806
10994,1233.5656750081794
1035,309.51213787673584
6244,409.2582005213132
9416,274.6059612214133
8319,647.0532977285884
5838,362.92294894541146
9186,336.5342976776155
12476,500.3618883032126
7309,445.9473302479524
10943,665.1215249769092
9717,434.26877659432097
5911,380.3412244085792
13037,446.0424261977324
10846,193.19219570706824
2705,269.5663894338068
12697,565.40439689815
9242,639.8153043366254
2610,328.2575635597936
11587,440.645932366718
8413,332.2215150424133
10639,834.6621329036121
6736,1053.3609588948393
885,1119.7886041956456
2070,406.7597727929087
2272,736.9627762382414
10006,504.656716966813
11988,332.226145357603
7827,907.2437907250511
5041,457.8472573827715
11710,315.5280526460024
10504,1087.2840258025403
1965,360.87185160295434
10425,951.7364935882258
11893,970.3116707771262
2020,722.2646674836109
6330,220.10253169092303
11352,649.1902521788306
7073,313.68246410151545
5175,327.563187561938
3997,795.4795119425298
9153,533.0605851254235
2228,325.3216996857489
587,483.3544721332311
9177,289.143894319425
6500,237.23838828592892
5381,440.13816167382737
5291,381.3819314386913
9394,290.6340727578231
4016,278.5548361860184
10163,656.4867231010792
1740,326.23384200301655
4773,525.8572108588249
9564,440.52782368225985
8519,881.7565194434076
7488,323.97889704166454
12234,297.0833352736641
7869,468.0368837005761
7794,372.7928782795325
9932,396.96111703526185
2268,482.7833111458255
9067,412.04532688505384
12461,319.08786079344907
7667,497.65741204017104
10710,382.26341775276614
2678,398.2887840665065
5573,526.6547401607559
10207,875.4708532754229
8909,421.01727725455186
6724,251.81439620620196
1122,392.2864400695684
12085,346.37526864310104
928,596.62871754681
11675,562.086620406872
12362,444.9103364002162
4027,270.9217297612792
2955,1097.9305430145696
812,564.6746118746211
1724,1185.4532539228542
11080,235.1769936470426
5460,297.9072909725065
48,628.0424439721096
9487,286.4074671012297
2407,321.5539483163072
12895,869.1854786552162
10499,751.2638953057822
5934,461.2186809447854
4041,493.69050023196337
11713,703.8945822402895
11066,323.3799095062413
2088,700.293420370891
10655,389.23894099323667
1254,446.15756732949296
2271,328.3089655483075
7077,355.3228474755975
10726,409.34326058515154
5889,344.7213348950542
9250,423.6694840689302
9849,261.99902643278085
9944,680.9702387338323
5370,1223.7780634946064
5380,1199.1701963010617
11359,642.7670381173816
386,567.1597960076053
4963,278.9980895670064
8628,466.5177485454798
6698,247.43124250411955
4030,409.244012198988
3435,360.71060499599054
9279,423.6694840689302
3752,269.2437084190977
10219,348.01938142383875
8574,368.056615496088
7146,471.24259297238945
6393,750.9730212468598
8127,319.2705335955068
1271,433.1665177636173
6952,632.5236656356399
8365,452.47553148396247
11342,1299.029183363582
750,289.6791968634502
10960,887.716148117577
9510,234.48385054327892
13356,375.02553687956424
3207,406.1911623079207
3533,349.9209618704809
13948,233.84846331777234
5708,444.64143000986786
12477,729.351211465511
8105,225.34019622414897
8982,497.5043050671406
3805,326.21421041067714
11974,976.3894258612269
10537,420.2653280654531
4349,501.22880955958664
7682,435.1354506560898
9387,227.42019091603535
10638,1144.0880714790958
2767,794.0469102075838
9171,275.3780915592452
11529,208.39542524097294
9187,396.4176383611256
5933,377.03846475947563
14002,413.6017218406204
1454,339.0214222887071
12995,600.8132674861769
3609,313.9882257529513
1226,575.3646230922604
534,581.2235624415227
3112,367.52022608787354
13561,250.01274623168868
8742,1004.1001138581621
9750,421.1204594128839
6129,1153.3355111165681
9483,303.78511378773703
9054,1086.653118590108
8086,539.9808425770084
10112,291.36610565391203
10558,334.09393253427834
2215,515.3188700491836
4660,613.1117748908002
13980,676.2781811283588
1140,440.25573874547064
13659,402.5237162824614
8471,840.8034181938737
474,471.4829435098052
7665,497.65741204017104
4075,274.56916575381285
543,868.8173213833865
7579,272.6448128967246
1087,287.2479214660258
10847,685.1851128225226
3222,548.6855146620082
8404,1129.6484845528732
4337,218.37917438713825
2665,772.1652686765676
7732,421.28395984670516
9612,946.489160890201
8148,173.2107441153627
4113,283.35839192216224
8778,341.64890257917256
13524,309.13824084959265
1007,1037.6301641110554
12511,290.0543193723152
13952,279.9808235810582
8891,280.8580468420297
1386,705.1877734881414
6533,321.2967598217574
4149,234.42359102275097
6804,638.7072421361776
11210,956.7733507564984
8274,612.7185614085944
7825,1082.0640840717494
12267,602.2536346248386
13730,212.4555371277971
6351,767.7514944960406
11137,531.2544751697282
14066,800.1273092541809
7318,438.3575271176008
2190,190.28569177173122
13811,238.48908080975357
4247,543.8745560846629
12941,381.37510187871396
4516,903.9424502750563
8128,239.08498119320782
4606,206.02984434480123
3612,379.27732485518493
5982,1202.6757736998131
1351,672.0890786417812
13487,389.5961589183528
13183,620.608312791966
5529,943.498888066066
13920,232.20322710244713
10882,509.5707671977226
5689,410.75526235113267
11470,313.0448313726807
11797,275.1025767891886
4507,222.79633242839833
1394,496.3157905446542
6741,295.34580544602505
389,984.2473738487932
3657,438.65213074913055
8664,395.37525896361376
13620,630.1168442164088
8020,378.01422098993515
1936,521.4459895337761
4665,399.4307013696682
4456,838.5062065370141
3782,1115.1187678874012
6721,434.2409661181251
7820,266.12593081325076
305,306.6862128410673
8803,946.7913878519888
13746,1040.132754166731
12032,322.99123740523055
312,694.0554705849395
13334,329.7507961935793
13748,434.835516327394
2146,247.92823052556977
3234,464.40394939889575
358,357.29272181020184
606,295.21995106990084
13035,270.4779340620635
6139,451.6635296035489
13847,238.48908080975357
13936,314.09164381087277
477,229.2457547974386
9441,590.409106130406
13868,568.0560154274774
4748,432.1951919811177
4339,551.5191588051108
14060,501.6790167715492
3502,1042.309964105541
4897,876.5369889515421
6404,306.06111490764084
9555,531.0495970362181
7482,488.5977333062289
3998,604.6035182134616
10403,500.0500985714688
3945,427.1338085304791
8765,684.3587898640452
10039,337.3992480799915
3964,768.2847879462945
11807,1015.4242401710085
9314,1058.5768723672757
4920,1198.4121968551472
5222,423.12475096529505
3194,375.7441994300968
7276,585.6470811071669
1745,803.1112283189676
1660,1178.229732288859
12548,500.7766174755681
994,402.5362703654201
6885,388.5869935653867
4642,240.66954883987546
11599,440.6320395332399
13563,374.491124476423
6024,1237.3084459006868
8516,597.0981956377755
7656,498.99894152471876
10128,1024.076667804491
11206,358.0146428721712
4105,342.5242335683296
8979,1289.8934666522869
7707,422.6372898810559
249,499.94114818694425
8179,640.3771607398894
13450,436.70431738029384
12846,254.1184620153943
6238,365.9416935437073
697,529.8253191802855
4047,1027.7358766082634
863,418.0755862221615
7268,365.42278147167383
10828,641.5648135200706
2178,372.7909074221458
6177,172.7520749923099
7989,631.7086413410943
1431,399.66251008895927
1321,469.1589643341245
9330,348.2719054714088
2443,245.63564527416634
11069,771.1778277224864
13039,316.42126123815075
519,380.09983834827074
3878,1127.9722471091377
71,1192.666493859856
7069,865.0476122412051
10948,741.997898786959
3624,462.7495020441332
6204,818.5182465481496
3434,525.7827261417759
12103,428.8095964095422
7262,439.6811476699442
4640,460.9217513149547
2663,331.3164831338444
7106,715.7618559694707
42,624.50123046178
2656,841.990489789934
2612,376.2627568559624
5804,594.6278068715158
6088,486.70451618264065
5147,359.09631982580567
13272,391.302987774817
1352,598.3488889013555
2040,212.48810649683918
5565,474.0505883497468
7677,1050.2454113724232
5383,1377.779916719616
2849,272.211608300072
7208,401.24165493839473
1311,403.7685511836367
4107,318.37415453610555
10623,1018.1368845760518
1483,879.0826998273325
1656,322.3875822085797
1945,610.4980938555697
13945,282.8692447677643
5884,416.43307961066455
13461,876.0663997298
5260,259.17583996012826
5126,876.9168945825975
11724,1315.5600223065642
12447,433.97637701029043
8969,251.63233335929365
1534,215.34741833018444
7626,408.3927994878313
11530,381.02925013856014
218,350.19624029826934
12371,242.93619216111895
3911,887.5260179785165
8798,1191.669626633928
3527,815.3772936300868
2629,393.1025463125022
7043,271.75527593219505
3670,397.3583592618269
12326,190.07934636452964
2596,393.1025463125022
6827,404.67741286945164
901,477.80073471395673
185,500.7720363023714
3017,338.43573158986544
11221,650.0452290850216
11791,366.5162000795889
12139,640.7440475105547
9620,273.4845576887997
11455,586.6418112813612
593,731.3216286653002
5702,773.0226267184532
12123,301.4432974217243
3903,955.845296292996
539,418.95626056520837
12584,658.7490644241584
9878,414.9065686183079
14042,425.14592727369103
11076,1012.4662967973394
11680,400.57369101629484
5554,422.9577875586813
5149,1268.1817713865496
3773,380.65540502238986
395,514.2919414532957
6840,1452.224903556795
7008,421.01189964950953
8407,1108.9642187183629
9415,465.0703269160422
7661,257.0345729432092
4338,1081.7643920867847
2158,502.9940215616727
5197,653.6079891638394
5668,917.3055736053361
2426,967.1052658729589
9100,229.93529298194528
10008,385.7055187866234
8757,559.8196759601984
5351,428.79383902825964
6217,251.62898244478626
13684,883.0366520993716
2352,695.6037845493751
13875,250.54473110206467
8486,643.4112571022509
13534,498.4474868632007
4619,824.8966706381347
4901,601.3017554121984
10285,244.9793523672394
466,1011.49953703191
10888,1446.491901079212
114,400.0004512045175
4449,868.6846367570747
12948,814.7342781500821
4376,346.23558832985907
10246,1078.5512603010661
10357,483.81164265153905
36,279.91893864212415
3661,470.87082677656537
12301,337.74882096786246
13157,541.8352445780623
4950,387.0551821533775
8720,284.38282347498136
2324,164.94527158628247
2857,244.2892267733531
13106,949.370887551928
14017,1034.742945477143
869,296.15667265392017
8758,294.41320440180215
2345,612.2439765241224
3943,917.0337042910428
9344,611.4387524309424
5461,426.1991891412716
7771,755.07843366412
7984,285.2427854089506
6347,872.8842180052716
11733,394.51442611580995
2949,293.6457886077533
3064,1141.017105910301
2055,343.3796016244374
9698,590.561173460327
12011,275.9085609722987
13128,767.1004621411082
13908,314.60263764412423
6970,474.37490599426235
1373,377.5326627953858
2022,379.84423251530035
2367,338.95902113363917
6486,365.9181107766799
11837,515.8415261341394
5971,451.0411399063223
13604,391.9556253604469
12066,669.5431510609545
6511,288.0539049494465
9621,416.72098727766644
13592,481.88866558644924
11922,979.3241101722705
11931,662.0431932491787
11228,307.9370788107128
12156,1452.329130673669
10492,265.0109106507054
11860,289.74526295230623
5717,336.8541223810573
1624,505.175943409713
10946,458.4764502491162
10331,398.2186855975434
7392,802.7610789995175
7368,252.29187860859759
10782,1204.1841126646354
1702,233.87412622154693
4873,500.02826094058474
7285,929.3536234233898
2616,802.6510940170854
10910,498.48263561765134
6642,450.3434571808243
13782,400.1024831786739
1027,498.8884124577979
1684,341.99332435517414
9211,271.50134278048716
4707,463.64991953230043
10052,461.21568066812944
10602,412.2355989792192
9614,912.7060290066411
7673,1020.0894090071675
8870,351.4583905062726
1003,966.2898064366269
9472,878.2509056923391
9231,704.4423052492136
13096,519.982609124194
11657,371.3447158263831
8411,986.723967373103
1218,368.49518320945475
4036,949.6750679154761
5647,1299.466158569503
8002,1195.4066281042558
3211,394.8252867597886
168,422.43092879249366
4058,1043.4592467277148
13442,219.46417304069251
7533,224.63544959498995
12252,371.72607017054037
8608,338.1895009378661
4696,410.78782164834
6390,374.0645295179878
13777,605.1549622056959
4340,914.8532418678084
7796,291.3133471705917
2859,560.5859445983322
12119,383.12900411453325
8510,1188.0652370780692
6651,775.8269261092388
2532,908.7623199976538
9845,372.32341269256585
4863,1115.6273978428255
5404,342.31379616637645
3882,449.6406265288779
11282,302.7585870569429
3488,354.44279682144537
3387,329.31297168868656
3756,415.45424941683444
10262,644.1089187656302
2895,382.06535321649716
1200,1130.3380432214353
11110,326.85818806162354
248,402.98099309271254
6128,442.2487945240852
4302,588.0986688406322
7900,271.07988193356664
5513,157.84251465089247
13881,374.6581566297569
512,1039.0027475211166
2877,379.7593233009918
8741,201.40552848416573
6180,984.3783092641622
13269,277.84983667271314
13695,538.3495532546772
8910,620.9473657726056
1808,703.8944000980796
12661,427.88767263010965
10467,250.48866016641318
4129,385.83201776809653
8224,446.470767576832
6655,469.28334484198166
4852,398.34523936560595
11168,314.8617677938272
136,279.91893864212415
432,248.4698967919045
4099,304.5949966664484
3669,339.3661333588748
13843,437.653809356319
13882,356.3374559719037
2799,448.4914566976559
9841,856.3780094825353
4418,352.1004699158689
4966,514.7712883101533
8130,486.15545139110054
7592,504.9382803475672
4992,895.7766818251756
11256,473.1750883471786
6701,1192.2606038891852
5225,483.6914106879096
5768,461.9798134462586
3577,272.5003741946268
3147,420.97640971558957
7203,409.7726834522626
9859,522.6528322118677
5285,472.09038798651017
8204,423.56822899237636
13049,435.70280930774834
5307,547.9651507080587
4094,244.44144639884655
5226,632.5900405126129
2456,381.55074645841836
13637,530.2415671787
2860,1083.5941786468957
1587,387.3272217500249
9105,775.3600194968237
7943,287.97068034618815
6593,633.4453191014493
6483,392.81082897869794
12778,261.28999132549774
938,651.160851822129
2597,388.5361413378142
834,678.7392100436374
7022,1156.5168625257477
6399,385.39637641992044
9082,433.69303897211836
873,342.46248701429323
12437,510.6029657097895
5407,296.490089124404
9402,711.5380062588556
1176,1099.2646779789145
10781,702.9985498754278
13000,445.9261613745072
4238,437.7112100210709
2677,1085.5977481786774
5457,271.67963111933483
6114,414.4995238059457
1084,438.2102241465964
11636,392.08840740443156
1685,389.0599313894184
11844,411.9746934054254
4794,1280.629431786403
5932,731.0612435183176
412,261.3503898354352
1198,1305.8863433427584
1484,1044.8099747411782
13276,345.1727326933533
7448,411.59734783196785
1369,644.2456468664924
12196,244.07351692898789
7239,516.142974816063
6631,481.11955810755796
721,364.76889265683553
6909,481.47842587354364
9144,653.7821914812747
1434,309.95349292043863
12253,1140.2799865763623
9469,1176.844812622511
5791,315.72741489880633
4388,508.19826255432264
13017,598.2531556397004
2474,322.74466572684474
9856,1063.372383939871
12665,494.46757719241066
9364,174.28413411258526
2702,165.88507193452142
300,291.400036019136
8426,295.96291190655353
10615,198.4730963924626
7380,1271.594327963033
4124,430.31534275697254
13825,1264.0847659409376
10346,264.62321607321417
12848,326.8978744435332
1399,549.7490077883612
12604,437.26964933433766
3215,428.810693571902
2418,354.3293886025358
5937,343.5811669516531
11409,234.97786521045947
6214,224.17009850287914
5382,296.4354473898677
13679,1129.9132077251231
4309,288.8496601340809
1374,196.34168423695507
5247,345.3269379073505
1191,328.609198564846
6434,1196.8447697560434
10657,878.72284280517
120,457.18815836856044
4609,803.2897622447733
9691,881.7637576075049
8078,155.1703755521388
5262,900.4727568251022
11806,427.454394044283
11117,301.24869531059693
12859,295.04398317902724
10514,431.98663629671097
7600,837.2147723657704
9799,410.7707342419031
13153,637.1975497894273
658,391.26236079270694
124,1200.116652437858
7965,1334.6968582376248
3335,494.2228841690676
9975,446.10574154486994
13294,539.3226617985819
13949,470.56903829614674
11571,472.34249131619197
11232,636.5489675103252
3450,725.812900845626
10319,591.3697523724402
8026,278.25157030981546
1327,507.57467007008205
705,669.4984238307055
13505,207.52032886164028
9645,342.49405461653464
11413,268.0937196544386
12322,302.71119736589
7691,1297.4499448022157
10595,507.68178983358996
2168,1249.6613836005022
151,550.0253005847298
9725,995.0198819657239
8652,821.8863173585621
3979,392.4901133211183
7061,265.6706150458441
8621,370.111217121955
6823,502.60054815773003
6551,1081.74745437869
9895,332.0954080888376
4227,739.0215318998282
9114,287.3770540856533
12838,336.5727681970548
7325,480.6970667005061
12585,327.1988210829884
9393,292.68709416474945
4833,267.59555058990065
12241,1017.8400130720694
1731,1105.505613446838
3835,623.6395838275492
5569,436.14968805585715
2513,276.02312514772717
9630,321.27893913008046
3308,310.3006327402298
10975,414.886218917411
13054,257.8333567776733
1714,576.2939885576016
9316,415.88294283176094
2255,354.78013151769704
8049,270.6417072004034
2100,308.35259922331403
3022,927.9900000789492
2123,717.5332909327137
11336,604.0887464749429
6742,285.7524684840094
4636,887.7288231250719
9280,305.51190708197356
13815,451.62245590600304
8845,381.48776925752463
34,1206.9057067903611
4683,739.2662044384019
13417,365.84387914037825
10389,431.4577429568474
3044,465.5619251524664
4851,728.2642878514075
13071,1082.7930389258881
11967,199.38699902381467
4715,1322.5844333060363
13728,235.2006836751931
926,315.5157650406892
7894,550.7163796526166
5118,478.4756518928025
909,247.4436502297781
9563,344.1146981255537
8425,387.1423034644084
8012,428.9276682236365
12360,365.02188954857854
10448,331.79971838345296
7587,223.23418107280335
9682,972.3136734794266
8262,385.03159811933983
6926,657.5621437874647
9977,441.12604763145595
8065,346.28777318688816
2472,729.424541192773
5997,443.92386088541707
765,507.6500650988997
3947,301.22053010537104
9894,268.57843073433935
1086,474.89523744585307
7802,486.50631004660005
12335,1224.779461449106
7338,930.5610744012699
10965,473.569970810154
10591,412.7984851012433
979,302.99403622413405
10273,1008.5591818998347
11467,309.4753424807399
5845,796.8468426158489
2630,388.5361413378142
51,1200.116652437858
9146,526.1733582879567
7500,347.70102602429665
8881,277.9887998628014
4537,1053.3151329858022
7200,323.42472064175934
9055,413.25683646770227
4330,339.72048145563014
8824,436.64622402511606
1409,356.3634130207457
4514,169.99936992248325
13539,279.2898700681407
9846,1060.6585273551239
10418,422.4976271402888
6516,370.74227789746953
2901,306.29203214255597
2216,303.2337442267121
3106,826.9889999779675
10833,353.5577107993137
10009,196.14151682877815
3438,519.4487530595679
6254,843.4030104727585
5961,848.43986734191
5613,603.3038655371803
6978,394.42668809438396
8830,540.086414214611
5897,346.2777768862975
4106,283.35839192216224
7582,246.46713691567265
1600,406.80931493274204
397,266.90117691880147
6406,829.2896257754928
11466,288.3072934735519
5501,240.12443867576053
4396,448.6124060510774
12889,369.43646421182353
2639,709.2175594867919
11985,411.9746934054254
7319,536.6666938954421
13046,272.78584369132795
931,185.82392138333674
4739,456.3340705745042
8060,550.0262839152966
818,665.4492448795879
435,1325.7263132953992
2803,714.4329647403271
1036,596.9073476924756
6127,305.6425246561028
7874,526.6383421832674
6791,248.66588253540309
201,492.86528395064545
6959,303.21376104862117
7854,410.80912119080654
12164,468.293859137981
12397,489.9946217638521
8601,1213.172426551957
252,312.4017029807928
612,501.3350751969664
5712,369.72543628900803
1513,553.0485406171624
11917,1184.9893144734085
9412,387.6619312366348
6287,722.0814428740194
5319,1379.4513141752484
11216,957.8217949274504
2627,826.5843383145464
3449,255.78268727846833
3814,311.3935733189483
150,319.87351977751496
10173,286.4012029202163
3412,226.94561670154474
13676,236.19100902054413
8898,1221.1458855967048
1749,337.5330406633679
2010,312.4973969149829
4112,946.5324613707575
8903,594.6310992292588
8835,445.91822735455963
1403,550.2630080073112
3560,382.45830206674276
8250,413.2747250665645
764,925.3565970118723
1912,440.50399616841315
12144,556.041104980631
7604,368.22172700451034
7559,462.1416871913949
4692,469.96149815256103
9553,505.5851679618056
4811,360.9450183624041
2233,1028.5690355324195
7765,279.27270164813586
4835,238.55268691453034
1651,550.7905369854035
9404,485.4721253332057
5715,369.12804978434116
4193,524.6730495080557
2096,349.5628705576441
6696,337.1877351090845
14104,343.8827039179413
9379,351.5867158613289
11690,783.8521798385144
12336,229.90567851756046
84,292.7850266201146
9707,497.51233897889284
4937,580.7485023030595
6195,371.22161301628233
8704,279.98886556075513
6537,212.18477705830907
12818,809.2369668147217
12473,1034.760172221699
12906,400.3419688076097
4527,585.5327085489225
2885,281.89302266398556
3205,640.9324530160465
430,234.48283157326892
8938,593.0444993015964
9941,748.7886679088849
7284,816.5787281652402
13666,714.0190844074097
4216,347.06898124837727
3509,235.03463353841892
3885,300.0630474891359
12467,1026.5159074270803
3520,464.29251894804247
8846,568.2226709893646
9568,589.8880313687087
10932,282.53185222317524
294,781.3798232778818
2449,380.95034072599367
13375,329.1751135879272
10743,409.3918641477589
3195,985.5659425342933
8817,1104.2655379278935
638,591.5433670086032
3703,520.2554113921698
654,398.80311000689085
2761,816.1761322225627
7443,665.8068020132686
12035,758.1614604352305
5338,312.7395796381806
14057,667.4187954664999
6428,1357.148132349989
3116,504.73978136957567
13113,525.5852742649915
6012,663.8154136949731
7754,384.65199904651456
13502,337.0767773257484
1954,922.6492765159566
12188,275.562902563077
11155,402.03586688023347
480,607.4004141712805
3088,440.4613733465172
13410,935.2772175347741
7666,523.6353013471928
3579,643.6826461016268
104,725.0004062077397
14026,434.5567935856317
1158,482.04659999536045
5287,460.9747162306165
3564,1224.2212171245524
1384,661.8040065718568
10929,1233.7070597582513
3448,219.3505341358761
4415,228.2356823094007
9246,383.6623488632904
12566,1014.9279918663754
9744,1190.7432466551181
648,979.698392537223
10719,698.6906334978939
13857,480.4442494306302
9713,245.44880223353348
8917,346.69514526842005
6308,356.04026119091344
1458,647.6621694502328
11028,594.094917608753
10363,424.8290003119654
7882,422.6372898810559
7829,875.9627012216671
6951,639.9622563100788
12522,327.3937265499156
7464,459.0694189388633
5364,398.31955059427116
11456,427.61260588217135
5412,369.42582413138086
5362,1278.3327884650305
9222,270.2366452326206
11884,222.42776093729992
544,405.23119814431595
4097,304.5949966664484
6558,275.541989773331
3887,176.832124374088
4784,745.0768455697514
5108,367.83998621813356
9545,395.3822337956448
13942,348.8200047983599
6851,502.4952470038488
5313,1261.5933358757345
11165,283.38514302742396
2134,945.0078472246488
10001,358.85254401545
4421,1256.2678729884494
742,587.0996843801612
12427,327.913027447051
10863,459.6558064646263
16,779.0734312869241
9956,526.6773284575812
7855,699.1039871612503
5938,192.3288308937598
7594,874.922455063131
9747,381.54182080388904
4650,384.6412384258375
11390,942.8676303935765
13931,287.00111653513363
2797,324.15754734973365
9339,324.7857321603036
3725,516.223139879496
4641,778.5762358742694
9261,413.1721309783913
715,669.3491514290419
12034,333.3570642461669
9699,383.5330979272993
2526,656.9458826854625
5077,530.5658481938581
10611,324.83889841863385
3315,506.69344788746844
3373,483.15883961142566
10911,1270.5855575015019
2865,287.36694437742324
2488,479.71093805351484
4246,1412.7449560976268
8963,918.8167171918616
4451,797.2916559888424
840,779.7891419038336
2699,411.8639181391405
11896,508.12444825087266
10185,1158.872222513427
8737,313.46801265723843
4128,1033.6135094472256
6932,307.413291877631
3699,245.8212667009709
2471,370.74594504012
2772,334.2644756303786
7458,411.8507689521729
12142,163.33237510048136
745,250.92516184530757
9354,197.58028616751116
5515,996.7498555084397
933,340.8947577480152
1143,374.3004297546946
11796,375.04145575476986
6880,391.73878958894306
12265,993.0866896742338
6888,299.3743474420195
2486,323.4400618689921
7052,1277.7625492370594
6074,487.3889415378604
13716,229.2721326980318
8966,725.9242849212981
4150,650.292291654564
8511,749.4236177511145
8642,359.873598389025
10131,423.4393331416671
4520,249.6058310045121
6282,1137.461000989604
13047,556.6989209964721
11575,748.1732205037949
531,529.7299370213897
9724,1291.7865425991265
5850,374.8060169055185
7601,837.2147723657704
9414,631.8813511994363
12688,943.7844566966871
7485,841.8691069827363
7182,401.24165493839473
9515,368.9649147644501
4973,208.73486662871105
9897,760.2211523625896
5904,635.4562797059676
8370,346.65925569851004
5441,422.76693519660535
12455,721.7962019437434
6670,336.4272181673023
13835,317.14923793716207
7723,557.2998682897962
8061,359.0457881956708
2555,431.9694397464511
4116,477.29496442801064
1298,560.9488044967244
6459,443.9833591085005
13930,188.5771134763416
2185,373.36045299270944
2129,922.4046808629995
7657,393.58165878428645
10991,437.48733673491046
896,831.6905873280801
7937,290.4774134457502
2985,834.9490527265513
11809,772.4780501733709
13826,240.03125078599285
829,320.658546120465
8374,1036.5427068985666
5484,577.1464006433538
1227,821.6979608592418
6212,186.02942945128385
7308,489.7107227991277
7444,514.7865283815261
6149,389.6975416477997
6811,429.6439685115701
10670,1268.9172291032019
3823,704.6162552219631
13508,350.7295603183191
4732,647.2099941199853
536,511.5554744731407
2914,281.8686602036914
4103,294.6101476070934
6992,1394.8201115957836
9911,419.00941228483293
4563,444.6705774358062
7615,495.5761260300574
8693,331.18752976070175
12868,404.04203728047344
9624,419.88094860987474
9925,429.10109763450805
8207,178.98381637332676
3636,357.363410784888
1179,409.06685684477833
9413,607.0312500821535
9812,597.3308021169778
6085,814.4546112160015
6995,356.616018828038
6261,1394.0685656346711
10187,392.2411877199203
2679,400.3087998888834
12930,306.2745274318445
11823,333.2612932401434
1044,512.9979273790998
6826,332.01607117771744
10216,756.1657272592447
3372,541.0028421714421
374,432.7358939789496
11351,447.4820862604956
7316,305.69735899928975
10984,938.4631717353816
8964,312.27542496696805
13492,205.71904198452023
2151,280.70938936713725
3462,255.50792413713492
9835,795.1750874542512
5858,360.371716342086
3129,1222.8667820493922
8639,261.567019184707
6608,526.3341258608796
1492,353.11239297008126
11932,772.0625984576309
12858,892.300783986633
9007,879.8560217561362
20,457.18815836856044
8234,307.6356011912544
7748,851.1673213931654
5682,309.4081328474635
3252,826.7004155070722
4437,906.6883675009759
12165,768.5230317417379
4615,275.7538204208669
7521,353.57641944362797
12904,1095.1559131872689
186,531.4553165842093
13934,287.00111653513363
3296,1288.437411905834
2391,483.1263055226581
8769,815.0896523699316
8405,874.2780559127931
8401,253.46223978074914
10727,566.4388181920145
5157,339.8293024504933
10497,220.57801713005534
2358,228.19866711921028
5564,271.57631095264827
9076,937.3771709224847
2992,327.7620804557265
7785,1185.067163838399
11242,471.4689862507829
4194,727.1138787665714
1985,1036.3191323084743
1471,274.01586302992433
5822,410.75773848857796
5949,510.64077506647084
12006,802.5374943888522
11033,826.9298132242354
8872,687.3489469078642
12998,349.13946998498056
2716,380.29826952142434
5538,298.925344055481
11070,518.8751760709894
4829,537.0129569994923
10036,336.8288069621757
10330,433.30145452048316
10723,915.8159274591696
11122,665.8032093152547
13466,728.6238020205792
8482,470.7175651244053
14050,403.8418726981272
8132,349.92001022472175
1237,465.96921717103515
5325,359.2223544907988
8050,189.58134916631948
8084,406.08175885895827
4203,1161.2945948301062
2320,1074.6669412270599
677,873.7071912987918
3291,896.3342251241588
5166,764.5371918355024
4741,403.50318197046397
8145,642.611075927917
922,377.9473047168147
12474,307.2141803019792
1183,1049.7230353030623
13560,425.09588610277007
12816,659.917148998221
3018,1045.4562718365532
222,870.7215943307278
559,857.1864247064344
1328,436.9258012388196
9980,419.4609070761317
4404,894.3541588911935
3108,1456.9004520037504
9451,363.98719952584855
13905,225.31570132635858
10708,404.43048811651875
2021,435.7378855278882
10421,422.4976271402888
7518,592.4017688228056
11899,428.090757663759
13048,389.9127912976755
334,1146.888041506355
6206,316.11016569330627
12069,747.45006938212
6209,1080.8813518556458
5959,627.006037170263
851,406.7696124601753
5720,501.2888662881405
2792,472.9083764402356
12122,249.48123507325525
4085,377.88068562282064
8629,450.3908024613922
2335,703.2948765456213
4490,353.1248724013391
9352,487.90188038355166
10775,581.7450576831891
11755,373.0305572627803
10437,276.240450954789
1666,446.1998864544049
12061,835.88339443401
8072,387.75184047660645
3547,543.1915388768343
3976,434.39302834786577
9643,311.2603815829613
9736,995.0198819657239
13731,295.49216711710176
725,765.3735753882602
12446,360.9260701602492
8615,631.0590599631406
4399,400.32933422195265
12750,219.3657713183237
13981,469.8844875417555
12408,523.0026939114719
10789,551.7712179006769
8659,230.24944044361442
3839,522.8268085215899
4296,581.2058732759418
3821,964.9474172793804
448,872.1181803199544
7809,1191.1076913714508
1792,1244.0064968464933
9069,392.9386346482546
6158,416.44489888614186
9598,211.0602314250156
4326,318.26588581112384
3170,706.4249385168711
10807,485.9512367092133
7250,650.4226655314568
7992,388.16486360298285
10503,1195.2330643396258
4979,323.83658869479297
945,1100.64705952379
8721,426.88719202149673
10293,276.14009029937023
1548,279.3261437392786
684,246.26381443647153
3985,406.3069096298837
10722,843.7484120422005
7094,457.0067200378871
876,795.8720180910661
6998,986.7357559020026
8529,357.07714362146805
9967,418.3225262006803
8168,535.7192217698985
12472,249.44063311653002
1316,458.2741945223744
1881,1250.4128578350499
11051,242.96919341331542
2003,831.9777376831069
7709,422.6372898810559
4951,576.4992122900873
6887,814.4128065155226
3430,423.1559960497178
9086,336.4438975196793
915,296.6071789083953
8286,595.5481774393785
10646,900.4646188721867
4686,503.4580489151454
10780,922.7849940093246
3099,1287.6188060324566
3652,547.583533582703
7913,277.528678087672
7135,621.0107823253062
8063,237.05601034850466
7075,492.65238123203574
13714,576.137716150411
4787,290.4382716228998
9968,685.3106482734265
10392,220.81560693748332
5246,1304.7526843753371
13228,360.87473340158397
1627,306.3141489520914
12414,435.1804935813395
2586,400.6096591316559
2413,277.35227793168434
1238,469.67391050561645
9934,291.53107289046227
6735,602.9209994212745
102,996.4006982117293
2681,466.50353594263316
1622,600.4210180283496
3426,301.13660639360893
12284,305.401187873315
3860,282.83888697426613
8166,348.6921978589241
10906,1000.7706298937567
1356,302.11766996148555
980,312.49539232427713
9748,198.42497037048258
5684,603.3348954604675
12752,218.4093833992512
14027,270.96833854676913
3818,1083.4549593933507
1489,273.29012216509705
13907,480.4442494306302
1098,1040.860457008554
4171,350.26988944422965
1019,393.51280898453837
1154,1212.505088054997
908,335.30534702154546
12696,995.4231720563528
7306,489.7107227991277
1706,340.50550094333636
1324,351.6647840732361
12359,439.7989996589286
12587,413.763641299529
4756,333.4098783604959
5968,632.4132811960452
8564,531.9341648035005
4095,400.6347624768007
8036,285.2575921913826
7560,481.57402475073616
4126,503.8857825439342
8108,1153.4205578552394
8032,615.123727399145
10364,334.88312963888507
7093,336.0752536569262
9034,1039.899103066353
11553,363.32963743315014
4131,466.98980570311755
13477,334.82204953246486
13734,728.8162814748448
1509,581.2551287543756
11829,430.3756996127378
8714,155.69823781149378
10649,369.34615125181597
5435,901.4889061249978
4239,334.0043746589402
1603,1008.5362020305106
322,309.3756398950698
8125,180.01630528338887
5666,1164.211097662766
4802,947.7890829933788
12643,1032.4992945370268
8700,268.9277760962429
6704,1047.3516155050102
10010,255.46300481738132
5422,623.4375144871702
4693,372.9556900705776
11238,284.61409584405754
5749,442.7003890692894
264,880.6626569252012
14091,889.6331724300019
3464,232.94996437636127
9376,208.67645765910186
7221,401.24165493839473
12365,403.4914607791111
3470,618.510179918579
13115,437.5975907182543
5991,741.2164457867694
13484,378.4457960625654
4455,455.1737389136251
11111,379.46185440155557
5272,853.3111616888336
10773,535.7100339053551
13850,357.9114590539924
9241,1319.186579374607
9809,196.1913991192267
13768,1101.6352286336735
9196,284.17018599418293
9594,1088.4049276505089
6358,1348.0949600340582
13191,498.52429177573373
8293,386.7488342256691
8522,398.6907061799247
7564,1179.678277134867
2445,217.7594216425553
8944,410.01418225449305
3329,957.1126814005526
7891,1166.0680810072674
11053,583.3544466464401
12564,405.4723463756194
3423,359.5751556879188
11174,614.9874606053451
7747,1109.4809356982516
7342,417.75264579318474
6884,946.8829486025501
968,194.86254288612605
1946,270.72039229942806
4915,839.7766162414587
3289,1261.4566306848249
96,371.284789630929
10651,316.7869006177382
5665,1301.6397122573542
8369,273.1252588533412
220,380.1967944968879
3132,1146.8794957673013
60,1123.4300238092057
13197,354.4094551894362
9432,246.20996542372885
12518,400.3133702430922
10485,761.9220441370633
6190,313.25502193440065
462,482.65969491965683
4769,978.9726480386911
3795,257.7403483555141
11492,541.4978050589849
5596,798.9659470799983
8115,341.4898568973746
10326,479.3148072524332
9474,421.0919445003495
6968,697.4205560913833
399,506.7253796811583
13583,273.07713253898896
12458,440.6634875672688
6106,1180.917174686829
4722,695.2682405004102
11660,225.3357971709196
10581,827.9522888925338
13979,398.11708167774486
2309,306.10612081644126
9965,520.5546413957416
10060,321.30694580542223
6632,1091.2257850111844
331,582.2277902165721
1787,485.306782886552
813,356.9044477595109
1979,587.649002193688
11321,578.4553569374833
614,234.67260808966333
1283,535.1415656032934
8290,498.0213934477802
9005,1308.3410832567924
2615,377.5985846376914
8258,327.366245564597
3799,644.6096682611194
11804,191.22762220001454
6753,319.3932225555339
13743,214.76179940616964
10456,451.28121048929376
13181,351.080089469629
2406,813.909221539771
10577,413.9423802618266
3910,1010.0093100361352
3707,597.3036841381074
7050,420.3568728402684
2030,362.5132234668869
13186,261.2678139412046
6334,1149.3666289346493
6878,609.0716918428305
10105,495.8216853480419
6868,410.3110459501185
9782,405.94713639220265
6936,760.6591944737097
8399,285.93007967968896
6562,294.59296384185706
5035,367.1716121899216
9210,269.1801574850492
9537,397.9556955756315
6577,757.9047207699813
2752,431.2607983951338
8542,859.6742909798463
3801,315.68783935436585
3060,302.9031618604839
11663,270.8254363577686
7460,750.9695220136532
1732,370.8044239311591
3541,459.2722233247831
12205,391.95452033035764
8992,338.21869433028405
1167,805.2520571804041
1452,390.16294417453395
7589,702.7705045730006
4251,1202.5882822340704
9781,569.2597834818572
3080,331.05632153990035
13163,371.41191831110314
1944,412.01153889732126
3121,565.6232055782588
5509,405.1245106339841
13509,991.8564804761767
1348,677.1806669089829
7585,412.0844550132348
6661,373.0274737779434
9629,605.6903554106443
1209,630.5289347760756
4922,332.85924850971
425,215.12356692034766
555,346.8377490705266
1955,858.5270999617055
9298,422.7351970853602
8710,212.80518654014003
8937,333.5809383721762
4717,565.1495484126768
8362,957.7620563598992
11073,697.4438619652963
13792,1245.073362214688
5478,1017.162525084667
12233,467.08584526444383
5454,406.81881329287904
13373,333.6737354293468
10243,377.4078726607801
6949,632.5236656356399
6453,317.11308488594767
574,1036.529967522018
9628,1225.7374351696042
13790,861.9541099312278
3091,543.8670195709474
5744,356.4981328906022
11634,279.59314054568614
2421,1126.0168611923361
7792,415.56165251127845
69,479.87594171664693
2349,304.17047925283157
2376,265.30264613490084
8813,397.1609686536505
2617,463.37179471673204
12888,369.43646421182353
1596,325.43846933568227
4903,334.9494170615543
7653,610.96463752375
10242,1080.049427374798
12701,335.07001692426036
7249,335.75433861782346
246,170.06619390142512
3071,994.7200860799932
3016,1097.2623484625076
2900,224.59648982827738
4004,490.1054396302392
4919,342.65584925210203
13189,393.29056340115767
674,368.3729976055386
4731,628.2611905200023
4871,1151.7145127933666
5020,170.00068946488562
9259,393.3193762662375
3861,1338.3842396003636
13690,362.0768481634838
8918,399.4813556725945
13865,285.8582982274385
2478,584.571207861426
3949,285.82287269259723
8493,444.05217852090493
8525,893.1669625087263
5951,984.5180210827832
2037,392.24232914587924
11188,452.30274815431875
12953,174.8351916004482
10451,317.47992245810775
13374,358.36508484048187
1428,370.5576674201975
2808,313.9357431900055
8484,608.5671978408783
6671,488.8535766454362
4949,706.6409769112471
1414,461.63880074268604
115,553.9500659816142
13574,1080.2069139174318
13537,482.0144162322953
231,338.101048589157
9738,948.083962289612
10597,505.3171579480759
4157,926.0407993832501
1521,384.6286649804053
8455,396.2014468275998
215,531.4553165842093
5610,658.2825403044241
9350,409.2461505116938
3257,515.6358022786325
9194,1135.8801097416804
6437,378.2424079226102
2183,184.73888429006007
4329,318.26588581112384
13662,486.4203967050097
2806,1203.2358207649272
5643,1057.3951814167913
8858,1115.473775063243
2969,278.40581816183857
8541,692.1176310691998
6197,361.83969425280543
6084,367.9412865247169
6828,395.4928094778945
8116,551.9236756397611
13076,922.370372821525
9635,314.7490513945911
9226,428.04142661827933
1499,522.3913329120322
5849,344.19402474281895
8954,657.0464790528799
3493,199.09283376188915
3442,739.9616354518637
7039,378.657056559902
12538,390.30484742289525
2056,349.7590310015226
10778,776.95888486403
2059,346.97374516076354
13753,351.22970376601876
10165,507.95302487696034
12966,329.89746792570867
13888,227.0592377789267
3693,300.03331090047516
8879,828.6156063556455
12614,446.2258010512393
8702,752.2566425220363
484,634.1165935063639
6293,739.434889525773
6216,186.3893331046031
4408,574.2202299909776
7736,333.1861052422798
8747,415.02386948445536
11423,372.4078086405747
8573,1071.9218385434162
4210,373.950555699046
13437,945.213690411221
3475,846.1546554181226
5690,489.5597220235515
3188,481.3003981614009
5268,903.2643178760965
6111,1161.9044326303185
12766,696.25291848806
6578,267.4261235622356
4718,744.8100193615716
9936,312.65303110722186
11799,693.1654175492149
4360,1172.3570295608495
1415,337.22310340912315
500,688.7397456258394
669,869.4264762915252
7725,422.6372898810559
12415,496.32041018173044
12106,669.2726373339548
3489,277.95341887619975
304,619.1158959719373
5837,602.0711494248701
1704,286.9092751502819
5023,621.3282197710988
5823,691.3361218158669
11687,352.9283374463521
7114,395.0256376218035
8532,346.9120152142866
10891,387.73263208719874
8524,933.3491091168474
5279,276.0730541656995
11782,1073.9242800061318
5129,566.4810237623049
4603,1000.5588934238452
13118,1025.250773810678
12901,817.1936464916713
5196,416.51435245540824
10299,1169.9720729219796
9486,434.37655844779124
2454,185.26629222127357
8777,366.8929185334122
1069,366.4687135881253
13542,1230.1916578101584
10913,1063.524424096155
9267,406.8004258522104
554,433.45522327911226
4352,239.71210094659403
13159,374.49413400149587
13369,196.81506098705268
6163,429.96685327001427
6001,194.13590772005546
13330,183.89856908276548
7234,322.2352373778055
13538,1077.4148104565252
12286,231.93932823782092
12364,288.258268873468
9271,445.45470686151185
13040,381.01445040655875
421,724.9687896034154
13916,345.1424297693035
9559,1014.6670111746793
13786,498.6961167145777
1497,330.66434603676964
1048,580.4070426515588
10941,376.1182096177288
8216,359.78863062226293
857,383.8226300865715
10267,431.33332299791886
3483,454.24418668102965
13533,275.4219214880087
10491,284.4416097549856
9919,364.63045416289685
10624,269.8571795918725
4955,509.1148337038596
6867,1092.246522454449
5853,1006.8489371956609
10171,1293.109360804672
821,767.9397054482154
1644,1024.108628549955
12099,610.6829655121918
4217,624.5401769648103
108,530.0045002627903
368,952.2868412683315
8442,466.3001688808793
8138,610.5824854810551
730,979.2748029059248
8268,1055.6358330645946
11602,427.5041792482225
5598,452.7209672070725
7503,1151.2469393756662
2389,593.3496651518875
5227,654.5871934649415
10432,278.66332791178104
7753,569.5436649317941
7066,219.61505132678846
9905,405.254971629591
511,214.6235403588353
701,346.6433384945032
13738,410.3405319160977
10484,498.08169375077324
10644,493.76320007794357
1278,587.0814676858907
3734,520.1717196472292
4817,751.8295391710412
40,553.9500659816142
1892,753.744830404649
8763,822.3377502967631
4257,862.0559662645963
13562,297.4530423043787
3316,384.32305490508224
2508,317.82387256756226
13644,282.8692447677643
7599,516.4060236967498
1304,739.2403343019931
3102,380.6956488681147
13009,201.39910740565924
347,551.0980919934374
7378,1094.6783308057504
11903,672.243178754137
475,357.55757087427884
12853,476.4544949409633
5872,832.6638221222314
12407,351.7509129243352
4448,380.84696937917533
10042,245.99325483030617
323,422.60439893961643
4661,1076.0144923018981
12910,411.83152432165906
7640,845.1889266075563
13229,356.35936024729955
2817,490.4818318086688
4366,436.3521267669563
972,558.089061509075
13321,518.0770382864631
3405,1200.6205678262293
11661,463.39760373496046
8485,1159.1465394954998
11655,381.55389593890715
12551,369.208870865439
6062,602.3178306081076
1202,490.51124039386775
7269,442.82301768244406
9958,336.4293682637753
37,249.98918967189482
8953,654.0605813757116
12851,492.07689123377344
13732,367.9292728463978
5909,391.75421805800937
9571,330.644788024172
4561,909.2593894243265
5710,175.6210033853804
4101,299.7278018314747
12100,434.7881632513938
11520,333.18512321233675
1289,290.7458619612133
13707,277.5041299422982
2401,807.7331499304277
13649,371.72607017054037
6000,178.35267138085078
12497,581.6066753251329
1747,396.2964849439766
11234,1229.1564512079954
3853,1172.3423224495734
4076,379.89399741525466
5887,545.1121760325605
12671,465.7669735339718
9307,354.81521103903935
11217,299.5393151873618
13268,421.58978837638995
7335,879.4789380887325
6331,277.528765748434
211,185.18559257089515
1951,429.43538531387867
11191,1158.582689444462
652,318.5357538001619
2207,330.1010158383582
1397,449.41159898228483
9797,298.6774850471345
4815,360.9495112693772
13901,427.5970510525888
1671,683.0005689690355
2321,493.90532960040196
1953,681.6764987834113
3367,348.6307228106609
6622,695.3967923857003
13741,171.010597828205
10024,358.9997402540081
9122,188.52191714969285
12819,187.86288335877873
9547,148.26908143092209
485,269.55909730470927
3379,1160.5196959574132
899,517.8700282801905
1733,219.73545997217514
8444,442.1978108600496
11050,1134.4558960257843
7389,1144.2048833380575
10130,458.3498387039327
12079,807.3189954149511
1251,438.2430008023197
13108,509.23400309359374
2436,1027.650904794134
4405,648.2800136798544
14025,376.72108580521876
11290,1099.854671806832
12502,510.8070202724255
4020,338.0979364258177
2304,296.69060004404616
5703,567.3253760715804
583,606.1126508600319
9405,555.4097718721459
719,348.5841235059833
5459,398.9523769354379
9773,1241.3746244693018
763,259.4621857727494
5170,234.8392346538835
1871,348.0807518597699
11832,726.365949260085
5405,305.0470943692158
7196,792.1620242329516
739,538.2357044363557
10945,700.1390547628724
10356,1426.1516684816515
4130,327.38668866471914
13341,385.55049372940033
9793,440.76240541467484
7062,397.19801974116234
10240,512.8085455897843
5437,428.78465529374944
12525,717.0853130492642
9491,1129.746843341382
751,374.59612020905894
13854,515.8009540501993
7220,364.6299512857672
6863,250.541956172636
1840,253.99673198995302
4795,532.5329274337665
1276,312.98026095501683
2993,262.4068203756595
12224,202.877824878728
7243,659.0443610836385
3046,374.5678604876782
4886,803.3781373332271
8058,349.1700945154652
2265,451.95694066950625
6921,319.4353956913471
11545,297.2114859529507
12993,307.1125657876323
8818,258.0753864222388
12332,1205.069758912927
1370,283.6059699771122
741,524.7003156921336
3066,1143.9201519187723
11631,289.8323947729547
1189,1140.2493582638258
13082,1191.1592256291376
5169,243.49710666940845
1571,268.34542100634957
8862,1065.1431669774777
10686,529.7181162160795
2528,570.8033920354492
2128,1020.7061651871671
11169,338.0452015930478
6126,370.591430069259
12623,225.92227488129691
1982,321.9411059057014
11407,279.87660405968217
7607,352.01381354274383
7880,552.2859848020769
13445,353.4631385565402
2058,647.5018974882804
9310,689.2576542058325
8263,761.701649807019
5770,428.0057570512641
11015,323.5218741809017
4591,550.5452353911538
10893,1056.2285006141697
2880,793.1536371867808
13898,265.42720218201185
2754,297.291349293192
8723,286.15511831973544
2989,294.0580414530837
4375,1377.5818796971473
4093,243.40027902670593
13151,401.59926111436135
7299,619.1569429691997
4220,306.56531600293727
563,429.95640929935
8001,691.7532191290446
11500,281.6315035635651
641,325.8657848940712
1670,626.1913567023054
12593,351.24278377368944
2408,699.6205912858298
11824,1013.9251710345391
7174,299.59067842684595
8789,713.7382549318312
7632,299.952227543429
3722,539.5700304100674
9363,802.2914772199085
13067,895.8960500960725
6652,1069.5319231142691
10106,515.2790328630252
4557,819.9699717896871
9382,335.9671278946473
5829,308.31853341070746
181,536.699275212268
8613,319.35576215697506
6756,358.9914958471979
2219,268.6131026327355
10419,1354.0529626159912
1956,253.89189578880055
1058,255.68732502826512
12586,719.2611951629028
13206,337.97092812793306
1400,352.1765788044818
13349,430.1184026459648
4948,297.6844889834418
9910,409.5143213895954
5563,662.0604745649191
7387,427.50262645169494
4300,262.92209125231403
10620,311.52440470130784
11086,308.7072039541361
1211,857.8406657014627
11278,824.3705697990987
3394,572.0222059730766
2239,359.747297153421
13976,227.6590310771541
10115,485.0124520357867
7225,355.7703765085918
12997,430.22654642050384
9050,773.4933480761692
4185,486.96510302100495
9759,661.005215846779
6792,458.8984840767231
11366,520.0565385242284
11971,515.013733307404
4702,1380.3995809302648
5891,519.9052500467185
1435,444.0898500494094
14088,283.4171556905284
93,870.7215943307278
7966,355.79526012112785
7079,229.43365987124042
3117,771.7505335357502
10347,358.6922018972406
5774,601.5592714492124
12520,235.69151400506533
5533,764.6826090357036
2778,275.3278585238959
12442,299.4098701918614
13348,422.50100359249836
13833,353.28151820497646
3486,403.8712188482307
11343,379.59040474625965
13632,731.8175364011912
12129,525.997741983858
3468,519.9585458261695
1085,155.80753506584196
13479,980.3483321581768
429,881.721840131969
4458,341.6351607253975
5432,342.52425485671495
4270,431.074267014207
9044,334.52133495630727
3648,1058.2448529604026
10714,566.0220554523543
7551,1325.856092785299
409,370.9673244381642
11461,297.1155694863595
1609,353.72744299453365
5156,336.2698873016556
6384,315.90759494496007
4904,268.02269196610683
4221,434.2209904541849
4316,1261.953207421278
12810,243.20261431187708
2755,359.65350114169894
10688,392.5674629078207
950,439.2119754842801
12680,275.0196739378012
10938,390.985532409167
8489,609.768507681469
11317,463.7107339683608
9442,322.0558911153442
11738,898.9236294605489
5910,830.2084762276833
11758,482.90713272476535
6342,635.5396079402008
8385,878.4895553540017
1692,451.540241651204
9587,294.9858397282535
1422,334.0858027057124
5560,560.6510739266433
9218,205.83684256816463
820,452.9010160891709
9876,366.27888064383455
4872,942.4117773055112
3456,342.303056537905
14085,256.95679887718177
10557,311.26053062430117
11274,422.9083689634254
13935,287.00111653513363
4063,1002.074298670075
1286,285.49944605308065
11031,996.0492682350321
2928,564.8433090137721
11911,485.9512367092133
13240,1079.3260741949784
1092,715.2898594051054
4304,355.96734775974824
74,438.8664249264772
12724,1104.747830823436
11291,273.8625951884572
10564,318.94954149860683
5986,253.75092679239341
5776,826.1309467052355
292,409.79131183273165
13498,188.01743202105897
5047,1127.1417516630397
10745,623.2216381947638
5100,525.3944367922819
2090,546.7152035760555
6401,366.7104144530894
1802,393.06394081650154
12929,996.2560343206495
3972,340.5626618108336
3695,384.87220058168396
4668,534.7940352122083
319,288.91684086436555
13312,522.3142558427518
5221,306.99186234569817
13170,327.66383619255083
4343,397.6049540489412
1826,1258.8224739913312
10507,365.9744880983749
7912,486.88647621058607
145,457.18815836856044
12124,163.5721690567966
12191,944.9507858021177
6907,814.4128065155226
11892,441.0812906738382
11488,628.9384449207874
9805,1261.5365777037316
11113,477.18582923594573
10766,407.5623359610077
1831,372.44158900622807
3981,433.63323748084076
86,531.4553165842093
8901,619.4929267133074
1220,420.0394212875208
13391,249.98658067479363
4505,191.43847254347895
2866,250.1646407156459
2997,368.1251973376452
4070,474.5206349834104
11118,390.66856479374263
11574,360.3863669250627
595,864.1616118505837
5184,389.24186159037345
10408,420.621215952612
10953,301.7502652466909
11913,701.1825081770021
8076,356.26876316347864
13683,998.5244873807547
13224,1092.8836754175086
5329,267.1620532356059
62,968.6854142158547
6956,1265.4221650147144
6602,353.768319500822
4581,178.43892778158192
11536,228.8039320906183
7478,837.5929100650957
11167,259.7962732826045
11656,359.39684693618824
9203,284.17018599418293
10885,316.1335269116531
13998,1269.6198037531035
10019,224.46714018096722
5206,347.20437119200403
12404,474.3569759661286
959,615.7612947123138
4839,487.447712265662
1514,354.520579680448
2291,234.40806432028353
4218,941.4262826426768
5310,580.5323053713449
1480,330.9110923678195
7655,1268.8315116386125
13401,371.94130551628496
6339,815.4267551505276
4672,952.2774133376631
10439,377.6324153707293
2956,775.4526807236077
7143,719.9472175323019
9685,400.5126403207297
2981,722.89849902544
4334,1161.7827361721877
9003,1180.9549540471514
13940,348.8200047983599
11196,968.3943297136942
10255,650.9301785756909
11888,392.8949182212479
6662,491.3596811319444
12743,538.5550088020638
11101,282.53185222317524
128,952.1786379670866
10732,202.72944973756813
5107,416.69935422731743
10616,515.4679401541785
3356,843.9503075890805
12107,314.87789851806815
6799,860.3797820041474
4232,313.84091320034355
12484,397.7764335224855
7108,257.15778205549526
6271,485.45927935444706
9351,730.1982186698365
6150,539.3176752640088
276,551.1267818258252
9610,792.7361965607108
13764,351.163647778722
1273,541.8773641421204
12292,229.2629101651909
8441,400.04192785546917
13819,244.60514317334412
7092,161.18058971244784
1898,522.8211547943351
12657,322.7607313339411
5426,412.61000705678657
7086,438.45899209533206
6073,350.7776591654863
13851,317.14923793716207
6857,403.81767699905885
11040,213.64428789767675
12698,292.1479860455539
2827,354.465624572851
716,1269.7100758913057
12639,890.1172603705221
4601,307.94613181437563
1119,687.1845137533567
3709,1076.7160826367597
3059,979.6287080475189
9403,985.6717767423596
12556,372.8334255385962
4460,317.25847737970963
2317,349.9486580226038
5235,577.2219849890248
12402,274.5566755936071
11901,296.23595615012925
6922,297.67657279171635
10904,276.3330968096805
11909,354.9623155234643
8676,362.7051570489988
11346,795.0000214664511
11020,448.3950409270508
12703,258.30593893493267
3012,537.924344636435
8315,628.8369165884502
7459,249.40676964362922
9989,1042.647688779049
9309,439.6241296768816
1865,269.6554237902764
8396,1019.3027414026558
2996,565.3285529122485
12041,450.7994365665646
6474,328.1643429551019
12634,951.0153782398601
13575,261.6875958744807
734,950.2282930677895
13932,287.00111653513363
9293,357.70465732846327
2458,292.2980422633767
7531,681.0206053520224
9113,951.5403714052234
11563,864.2879612502612
12194,353.45799305737023
5750,675.0275639831822
12968,457.8119444055164
3551,244.27568337899584
9471,713.1652342626064
3711,329.79625844920463
7034,485.06803756105774
4119,522.3147419518957
7603,294.7548564074084
5834,287.791218859938
4025,414.66086063567883
14064,800.1273092541809
4926,377.0408614926434
6336,1101.3236356873729
9000,734.8533537645045
9463,569.4158399688105
4356,279.8499721766213
12780,574.5577555285707
13320,428.93261406970475
3510,1039.316497141269
6876,1172.160441913845
4078,230.8085419400859
11635,1124.3669416578489
12154,1164.652519525521
5793,375.3680289148701
7304,1181.7536722421644
12161,388.1934682528521
10724,861.9672833250494
1794,748.1211859378307
1693,615.7703366864785
4258,829.6750842984217
13204,335.5578804582715
6619,886.238576453029
494,1019.8118950565433
13709,559.1937227105047
158,432.83356306671624
9949,434.7161645432337
12338,314.30290627910694
6278,639.722239576418
6385,404.40163142282535
12607,853.2344948198333
10997,1167.6690836056312
2288,234.40806432028353
6729,304.8310051717783
3845,771.5783714235931
966,466.87440127767445
13736,283.8073677309793
11025,790.6858820414063
2253,717.469816081673
8194,889.6972326706075
2579,263.9783924250587
439,548.5068623523139
3323,281.38033652018555
8222,150.29780287190397
1615,378.62881315393867
5654,610.2623625550129
3685,765.4808817255841
3753,430.46563568062726
12193,312.1845443041995
12185,199.2314814685455
13421,487.4319782917128
468,280.28232534976667
6873,1186.1816913827174
757,258.8791525282507
10968,319.66480087079486
4623,715.9567994020514
2689,917.5465646233661
1091,810.3602006498095
12276,430.2488665402105
10241,603.2015359701858
11271,452.787131614235
11625,303.2084295569722
7140,1061.9021683080782
1375,233.84157481877952
5273,535.7156219994639
1863,534.6838457336366
8980,257.794793189458
5130,430.2212408614235
3729,1159.664189015466
11585,259.5469793043916
12320,188.1071013804132
12702,1050.8914779599868
1879,299.6322156836213
13639,409.0942030900845
13443,289.8386164900845
8960,329.2919779728233
1120,580.1274376601058
4485,494.45007647818755
12151,204.3672533869372
3955,542.3853026316884
12732,808.6039918826528
5548,393.23007711341614
11255,1118.544013765671
10510,763.8974179116466
13279,449.86964483536786
10802,423.9608854804826
12597,782.6295705806198
3077,317.120505922977
1433,288.87627262719985
11558,275.42495196258955
10224,423.3770594648097
5358,515.0490290496139
5475,588.2234680037777
2175,270.3204916146524
3718,511.29377163184023
2103,1184.9430757832884
4148,711.0147701134407
13514,801.6085648899967
2657,808.7435188593112
9234,473.540573369301
1935,542.6043430231205
9248,311.66887023784517
2953,900.9896225035408
10073,381.46733262557274
5816,393.4049701673932
7853,708.3790110411973
6502,310.58709733326407
9384,318.45845874653554
10063,955.2035776760569
10987,205.86232568189962
759,284.1072405855244
9574,702.1205206332413
830,508.44414156483583
3932,782.7145586898145
7329,619.5782486660969
5810,308.31853341070746
5924,415.21303787544866
12294,712.7025164501191
2448,217.7594216425553
11038,527.6552295917967
9237,457.5284677043538
11607,366.7078663977057
8661,274.01759543858185
5557,517.9918196254316
10276,272.16005966574556
5590,543.4868601280144
11200,927.9279440969985
11157,237.29170652598947
4195,450.28552525402284
6007,792.5997876918125
11551,166.97953226541733
1460,606.782857506791
6787,533.2416827058705
7541,832.3357787228553
6913,378.9812990142024
13622,441.5249096733928
7334,428.43021620506033
7260,329.19045412626906
3078,309.1582068380352
11397,402.86605071857224
6914,1022.7294571963072
2674,831.1160840479333
135,249.96234379065365
7801,968.8411294841959
13953,279.9808235810582
13211,257.6348431206106
2930,330.22001201372746
9704,1196.9245135225638
3890,580.4270956858902
800,525.2300028445586
7933,372.7928782795325
8129,361.4357300311042
8905,652.0832696577502
428,280.2497683330258
11205,606.4518579908952
5373,748.8024712724781
7508,473.60566080649136
12599,770.9323074329316
7699,197.55047305725992
12619,183.35650964611656
5903,350.9782994873197
1256,681.0059282641205
3276,257.6213988446734
6077,332.49116556894205
8627,189.4891265329189
4882,795.9700466120438
5419,329.0732090669067
11296,1188.8406012788569
2319,1074.6669412270599
9920,331.07095755292795
5153,519.3699309897298
8974,1156.060944792231
3038,1107.712715614208
4830,1225.8869046555305
9648,295.7690797308283
9181,463.0948524316204
4827,537.0129569994923
10821,389.1184091351833
8583,436.5501720604096
11966,520.0551639829752
6946,457.101010023419
11469,570.4173524411868
3306,246.31167992857786
382,500.68807086895254
9743,1020.5795718191006
3528,477.14845727133974
2789,276.7692239028931
13754,413.9640706411421
1,249.96855300347332
6597,484.78974409438206
3061,801.7267426953254
4961,566.6973086451793
7733,314.5102276666947
3313,1005.9318746957083
11900,337.399903132967
13282,358.36508484048187
10244,318.72599116177713
7021,621.9499632087067
5406,402.6931549502099
5258,424.483679230893
7977,156.39072564491394
9027,812.8012219390629
8726,359.54455501980505
13011,693.328408236493
2019,513.0252297051939
6386,300.773445014176
13696,355.21828649543437
4954,499.38893152210517
6322,593.5003185965535
11141,354.8625222412961
7745,409.5454064955916
5051,466.4445495683623
12617,316.3712408763731
6376,1009.1541046657672
9282,423.6694840689302
5503,940.9260945882154
13097,236.3237230805268
10147,490.94541609348823
4666,463.4595915752423
7400,521.4794822705655
3155,882.2902509455205
5614,599.4719682043374
217,210.11907020399252
5220,449.473268455943
4630,261.69449715375794
7896,404.3478308628697
8537,363.73475231352234
3922,308.63779860147673
867,294.53040430840923
11666,254.0623214567057
44,550.0253005847298
18,283.7046103464396
12374,225.2550321605398
8584,952.8593060414983
1884,366.4905008545558
3706,744.3650607857484
10155,1151.8287828562122
3708,993.9544264431638
12938,456.8787931872758
5146,794.3720151165228
8962,780.7238554684023
7887,288.31346405327054
11928,322.90516589811097
8481,579.5794125072038
3326,352.9512142133148
12725,381.5903069111142
9617,718.0515583442032
10977,1034.2431700637246
5848,1438.2565921938638
13112,1019.5066941076407
11185,436.0372670908377
7954,426.11305645056734
13125,279.2501897552834
5844,336.67873215045677
260,414.38668605100725
9734,136.31823820928582
444,272.43189190662247
8655,338.79300751886836
6965,848.4951154180691
9485,555.564187311873
533,801.5661922785189
6919,317.74545304130055
11611,333.18512321233675
10382,1011.1436626409687
11361,187.92696975888063
13656,641.596433778292
12004,781.8440619998123
12946,316.55968790411123
431,234.48283157326892
5679,385.41235128509874
4439,333.18113757699757
2329,970.1140560721154
9729,557.2890329817105
8825,382.8687039792507
578,532.6223784747028
13111,1325.9629610641205
7045,294.7548564074084
8178,420.7116229246717
5187,268.0324959970526
8067,283.3248444419053
13608,1220.1956965034115
1699,519.0721292784958
762,510.49348250546717
12254,234.188298369645
797,420.71202133995433
4752,455.2673194840247
9971,375.7603965625655
7504,745.3928660210162
6174,1085.3280711648956
4383,257.49341765397384
12994,1032.6937994043706
11772,797.4240433925785
11565,623.8435013610268
2547,561.2937451951616
1942,987.650234648885
4082,391.24198996774675
14059,617.7267269632918
6557,362.12568566184507
6326,411.5425271881051
5438,243.59410629883254
3069,1008.4530027997166
10291,284.9750031950897
5839,293.8616468102451
14028,800.1273092541809
7866,322.1880286771147
8760,408.7997783377097
10676,362.4745511062343
592,243.88797579772034
4788,814.125745287845
9252,422.7351970853602
3298,303.7514801572632
1042,458.07599798271303
6904,946.8829486025501
9020,268.27763398060506
2518,285.6845761035998
2222,362.7257139634817
7780,291.3133471705917
9256,1115.2099672996585
10096,441.43738702778415
6301,374.99678763336817
6504,263.39499648460486
12531,664.2474813807509
9212,239.30752741073454
9396,1107.303489966197
961,723.0558126739494
3590,386.1320317366447
6087,391.163056951741
11433,338.74625867640407
3774,917.7684412523491
884,403.9220722061044
4547,645.5903773927879
8299,314.24248045983694
10385,1186.0049026850295
9346,1114.519784567759
4685,563.6732539739772
7526,338.68564262885434
6780,1197.8412320657592
8815,280.7218383950797
11414,335.90359568329467
1836,519.2109297119636
6930,153.67399399572764
7361,445.9473302479524
3785,268.51419484329784
8371,197.5202986775647
12957,319.16255337938946
2451,458.04668714015673
12297,460.77733313463534
7437,416.6290851021149
11288,1224.7715089330522
5716,559.1254389357115
7173,297.3435943172935
12210,513.4030667300042
6943,1428.8835797991408
13394,793.6246567341582
1161,1003.7085786180406
14105,754.0072848656256
8977,1161.0799117885247
12400,927.5205347319117
11309,461.1468575150721
6211,315.69054045630986
2155,335.8865142196872
1459,577.4815437705719
1207,228.06849141964247
8345,429.1394889183101
11142,365.2426403903974
2743,584.0355548439212
8732,313.13340334292667
5045,440.0824991853019
12550,585.6100814353026
10565,326.12609661537454
13870,457.5552624083871
7895,277.02653329101594
4786,566.409662568877
6168,377.71416867753913
1148,253.37126403400282
7071,232.73583673730565
13590,273.9407972222752
8414,320.31660043823996
3290,405.87328056358916
9480,543.2819680308568
12072,414.91049064681357
7800,348.5357092222883
1887,499.6564265870527
624,1032.6031491552972
6519,930.7272179738927
1340,379.55859584850526
13947,322.4956410125302
8840,942.34166106352
3324,241.69486736942187
4245,494.1279785839067
3081,319.7034652772667
12749,235.77013725935478
10733,202.72944973756813
1502,459.67087997715555
11975,961.8268494079776
3425,317.90980375248614
6785,445.6090251459875
3496,441.57745495283143
4090,900.2111528922911
10411,732.732152269091
13725,225.23323961735494
13359,266.4716331264567
7975,381.19366735630535
6348,873.9624035356007
8367,376.49062425132837
11593,860.3820581003826
7175,364.6299512857672
6320,475.3907975366858
9239,522.4603337827676
11941,844.5100438115901
10877,507.21908701553946
8427,523.0445713627548
8162,394.7535199157844
11335,454.0186237725238
10157,575.8217739831629
11213,288.2976270022316
12740,207.99269592864152
6183,375.70777625982305
8611,300.1796379984278
3039,492.9651027686046
8243,1325.268000710461
8397,421.9516022872381
4476,997.8512901855964
5398,351.3506955371415
1473,275.59340484674334
13569,615.4682666025354
10412,645.8131197869873
9318,328.62583634122484
5713,457.2808400398877
3370,463.1654399408023
850,521.8196482357067
4864,981.2739478624144
3388,1084.5354674733737
6979,709.7266190761266
8984,503.5280364832694
10167,747.4882778772106
2211,466.65469828757983
3563,215.73838608319446
579,897.2949607446612
11203,779.3792493620857
1512,334.9511348137946
6648,775.8269261092388
12647,329.22747813043856
3376,850.2025719876585
11677,433.7249093006338
11116,233.5920662765636
415,885.6071403375088
7302,370.0424962085961
11784,1121.732831911797
6179,258.8028797826976
5016,309.5217173963107
427,443.9654397963494
11294,692.3468333794688
622,338.36954567995974
2095,228.05223658753562
11039,243.49822291180564
8956,909.2288789829946
6818,461.59035283056477
2381,1138.5612548267359
7542,316.9225817272722
2341,493.0820039924996
4534,765.3972747570194
266,375.03528398694743
6102,254.78736475868817
9951,1070.5795362208803
8833,585.5706837784826
10978,278.3886101621609
11728,248.03475978531006
5332,260.44944189810866
5814,400.94015102938806
14031,530.3528758081225
6700,513.0457750228343
5618,405.6935847782952
10150,278.3597973475998
8024,517.51855046287
12440,271.52722344958966
2089,279.17513229745805
13605,249.98658067479363
2143,746.4346359252486
4631,536.9243482512882
10400,349.077504485785
4478,435.0026894656044
1083,572.8191464698393
1672,741.0564414735087
3422,163.0708480069323
3746,901.6877846590106
12527,541.2958275760672
3843,403.75959167915056
12956,330.7838534274373
10844,189.3697487838535
1504,457.6202071359552
9675,154.41217514231883
1972,274.1344762388263
5181,396.0094214737771
2609,349.94877613603774
8210,174.62075892181073
12590,497.4239634234388
8325,252.96409161726666
317,504.2655722126761
3747,657.3659856848186
695,817.0787543854905
13566,251.70188871161122
11987,390.0089255859707
6852,453.30845520934287
3586,474.8722399525245
6663,345.69109046248246
11978,919.9742348899449
2967,942.3974504751314
4644,1162.4813026425315
12021,354.41832131915066
11559,249.4789848600164
7279,345.07654048738505
3095,497.74589123160064
2883,284.098043330756
12885,377.69323240745376
3269,258.16010711441663
5350,1055.590929325574
12167,1217.8164826155544
10539,965.6993100245168
13799,346.2113402205867
3245,288.82145481165617
11399,673.1456879974461
7040,656.3663987118792
3101,638.4881016417356
7683,349.3775676743345
9016,363.59381299861997
11748,377.20168774920904
11259,581.6066753251329
1464,453.40713482054963
3838,767.925900499489
8577,860.8606736801416
377,373.03581432746114
9718,557.2890329817105
10718,442.14098589256247
2217,401.22199991647
6730,838.0297010799524
12281,307.14991501409656
13399,374.48204776606207
8226,222.1781232946495
11867,1132.186071974168
9607,589.4109217490578
3820,850.5498268991676
12874,348.1846554759607
10372,587.585472102569
5532,266.46167938834316
12637,575.2327324294139
4140,381.9995606666014
3232,503.99985938608586
2393,367.4244043747876
9388,196.6856900336467
10939,401.0915703941733
2485,298.25559759150144
8388,306.68212947146907
12907,500.77987359298027
8218,426.62070176018784
8048,467.4427467115544
2047,519.3178749319636
5894,439.36750876005584
1255,421.7053453265729
953,683.0593092940364
8912,453.95319375597063
11087,981.1553281632345
12682,239.43192869191518
5091,248.33997422316546
3167,275.2268154070551
2933,644.8828182000823
7803,372.7928782795325
3410,385.2619937224576
9576,350.2265647462701
1719,433.818011146433
10796,357.5183926826274
10022,308.8923683698781
8296,804.8502292604887
13307,1255.6482540991638
12532,368.6890115271772
10892,410.14834546704765
11284,464.0946229277578
6744,368.7108543396245
6596,338.3824583626737
5376,273.742746447196
6014,311.2586005963363
13817,263.45715402905523
2565,331.59814149250377
10621,490.8627037698366
7417,815.0772332379865
10896,315.8708630593973
1537,411.5064623878467
1057,1129.6251357810875
1147,380.18405198970726
10763,1161.6749419524756
1938,730.9699061710479
6178,383.809065804474
1032,298.99615863864926
9439,265.490077520494
8381,192.2105234599705
9940,1002.0386097020601
10861,175.2026947658633
11992,253.4488531582605
6546,683.3411101262712
7862,764.8252763195096
7339,930.5610744012699
2544,385.1145179858023
97,1119.3509233869306
12712,241.80083855181243
13597,279.7336749302044
2475,336.6814488156547
2685,763.1084015501598
2523,304.44305135613564
2628,651.685538148858
